test;03.png;1
train;02.png;1
train;04.png;1
train;05.png;1
train;06.png;1
train;07.png;1
train;08.png;1
train;09.png;1
train;10.png;1
train;01.png;1
test;01.png;2
test;02.png;2
train;03.png;2
train;04.png;2
train;05.png;2
train;06.png;2
train;07.png;2
train;08.png;2
train;09.png;2
train;10.png;2
test;04.png;3
test;05.png;3
test;06.png;3
train;03.png;3
train;07.png;3
train;08.png;3
train;09.png;3
train;10.png;3
train;01.png;3
train;02.png;3
test;06.png;4
test;07.png;4
test;02.png;4
train;01.png;4
train;04.png;4
train;05.png;4
train;08.png;4
train;09.png;4
train;10.png;4
train;03.png;4
test;05.png;5
test;06.png;5
test;07.png;5
train;01.png;5
train;09.png;5
train;10.png;5
train;04.png;5
train;02.png;5
train;08.png;5
train;03.png;5
test;06.png;6
test;07.png;6
test;08.png;6
train;01.png;6
train;09.png;6
train;10.png;6
train;02.png;6
train;03.png;6
train;04.png;6
train;05.png;6
test;10.png;7
train;01.png;7
train;02.png;7
train;03.png;7
train;05.png;7
train;06.png;7
train;07.png;7
train;08.png;7
train;09.png;7
train;04.png;7
test;01.png;8
test;06.png;8
train;07.png;8
train;02.png;8
train;03.png;8
train;08.png;8
train;09.png;8
train;10.png;8
train;04.png;8
train;05.png;8
test;04.png;9
test;01.png;9
test;05.png;9
train;03.png;9
train;06.png;9
train;07.png;9
train;08.png;9
train;09.png;9
train;10.png;9
train;02.png;9
test;07.png;10
test;08.png;10
test;02.png;10
train;04.png;10
train;05.png;10
train;06.png;10
train;01.png;10
train;09.png;10
train;10.png;10
train;03.png;10
test;07.png;11
test;08.png;11
test;09.png;11
train;02.png;11
train;03.png;11
train;04.png;11
train;05.png;11
train;06.png;11
train;10.png;11
train;01.png;11
test;08.png;12
test;09.png;12
test;10.png;12
train;01.png;12
train;02.png;12
train;03.png;12
train;04.png;12
train;05.png;12
train;06.png;12
train;07.png;12
test;03.png;13
train;04.png;13
train;05.png;13
train;01.png;13
train;06.png;13
train;07.png;13
train;02.png;13
train;08.png;13
train;09.png;13
train;10.png;13
test;02.png;14
test;10.png;14
train;03.png;14
train;04.png;14
train;05.png;14
train;06.png;14
train;07.png;14
train;08.png;14
train;09.png;14
train;01.png;14
test;02.png;15
test;07.png;15
test;03.png;15
train;01.png;15
train;04.png;15
train;08.png;15
train;09.png;15
train;05.png;15
train;10.png;15
train;06.png;15
test;07.png;16
test;08.png;16
test;09.png;16
train;04.png;16
train;05.png;16
train;06.png;16
train;10.png;16
train;01.png;16
train;02.png;16
train;03.png;16
test;07.png;17
test;08.png;17
test;09.png;17
train;04.png;17
train;05.png;17
train;01.png;17
train;02.png;17
train;06.png;17
train;03.png;17
train;10.png;17
test;08.png;18
test;09.png;18
test;10.png;18
train;01.png;18
train;02.png;18
train;03.png;18
train;04.png;18
train;05.png;18
train;06.png;18
train;07.png;18
test;03.png;19
train;04.png;19
train;05.png;19
train;06.png;19
train;07.png;19
train;08.png;19
train;09.png;19
train;01.png;19
train;10.png;19
train;02.png;19
test;01.png;20
test;02.png;20
train;04.png;20
train;05.png;20
train;06.png;20
train;07.png;20
train;08.png;20
train;09.png;20
train;10.png;20
train;03.png;20
test;04.png;21
test;05.png;21
test;02.png;21
train;01.png;21
train;06.png;21
train;07.png;21
train;08.png;21
train;09.png;21
train;10.png;21
train;03.png;21
test;07.png;22
test;08.png;22
test;09.png;22
train;01.png;22
train;05.png;22
train;06.png;22
train;02.png;22
train;10.png;22
train;03.png;22
train;04.png;22
test;07.png;23
test;08.png;23
test;09.png;23
train;01.png;23
train;03.png;23
train;04.png;23
train;05.png;23
train;06.png;23
train;10.png;23
train;02.png;23
test;08.png;24
test;09.png;24
test;10.png;24
train;01.png;24
train;03.png;24
train;02.png;24
train;04.png;24
train;05.png;24
train;06.png;24
train;07.png;24
test;03.png;25
train;04.png;25
train;01.png;25
train;05.png;25
train;06.png;25
train;07.png;25
train;08.png;25
train;09.png;25
train;02.png;25
train;10.png;25
test;01.png;26
test;04.png;26
train;05.png;26
train;02.png;26
train;06.png;26
train;07.png;26
train;08.png;26
train;09.png;26
train;10.png;26
train;03.png;26
test;04.png;27
test;05.png;27
test;01.png;27
train;03.png;27
train;06.png;27
train;07.png;27
train;08.png;27
train;09.png;27
train;10.png;27
train;02.png;27
test;07.png;28
test;08.png;28
test;02.png;28
train;05.png;28
train;06.png;28
train;01.png;28
train;09.png;28
train;03.png;28
train;10.png;28
train;04.png;28
test;02.png;29
test;09.png;29
test;10.png;29
train;01.png;29
train;05.png;29
train;06.png;29
train;07.png;29
train;08.png;29
train;03.png;29
train;04.png;29
test;09.png;30
test;10.png;30
test;02.png;30
train;03.png;30
train;01.png;30
train;04.png;30
train;05.png;30
train;06.png;30
train;07.png;30
train;08.png;30
test;03.png;31
train;01.png;31
train;04.png;31
train;05.png;31
train;02.png;31
train;06.png;31
train;07.png;31
train;08.png;31
train;09.png;31
train;10.png;31
test;01.png;32
test;04.png;32
train;02.png;32
train;05.png;32
train;06.png;32
train;07.png;32
train;08.png;32
train;09.png;32
train;10.png;32
train;03.png;32
test;05.png;33
test;01.png;33
test;06.png;33
train;04.png;33
train;07.png;33
train;08.png;33
train;09.png;33
train;02.png;33
train;10.png;33
train;03.png;33
test;01.png;34
test;08.png;34
test;02.png;34
train;05.png;34
train;06.png;34
train;07.png;34
train;09.png;34
train;10.png;34
train;03.png;34
train;04.png;34
test;06.png;35
test;07.png;35
test;08.png;35
train;01.png;35
train;02.png;35
train;03.png;35
train;04.png;35
train;05.png;35
train;09.png;35
train;10.png;35
test;10.png;36
test;01.png;36
test;02.png;36
train;03.png;36
train;04.png;36
train;05.png;36
train;06.png;36
train;07.png;36
train;08.png;36
train;09.png;36
test;10.png;37
train;01.png;37
train;02.png;37
train;03.png;37
train;04.png;37
train;05.png;37
train;06.png;37
train;07.png;37
train;08.png;37
train;09.png;37
test;02.png;38
test;03.png;38
train;04.png;38
train;05.png;38
train;06.png;38
train;07.png;38
train;08.png;38
train;09.png;38
train;10.png;38
train;01.png;38
test;03.png;39
test;04.png;39
test;05.png;39
train;02.png;39
train;06.png;39
train;07.png;39
train;08.png;39
train;09.png;39
train;10.png;39
train;01.png;39
test;06.png;40
test;03.png;40
test;07.png;40
train;01.png;40
train;02.png;40
train;05.png;40
train;08.png;40
train;09.png;40
train;10.png;40
train;04.png;40
test;07.png;41
test;08.png;41
test;09.png;41
train;01.png;41
train;03.png;41
train;04.png;41
train;05.png;41
train;06.png;41
train;10.png;41
train;02.png;41
test;09.png;42
test;10.png;42
test;01.png;42
train;02.png;42
train;03.png;42
train;04.png;42
train;05.png;42
train;06.png;42
train;07.png;42
train;08.png;42
test;10.png;43
train;01.png;43
train;02.png;43
train;03.png;43
train;04.png;43
train;05.png;43
train;06.png;43
train;07.png;43
train;08.png;43
train;09.png;43
test;02.png;44
test;03.png;44
train;04.png;44
train;05.png;44
train;06.png;44
train;07.png;44
train;08.png;44
train;09.png;44
train;01.png;44
train;10.png;44
test;02.png;45
test;03.png;45
test;04.png;45
train;01.png;45
train;05.png;45
train;06.png;45
train;07.png;45
train;08.png;45
train;09.png;45
train;10.png;45
test;05.png;46
test;02.png;46
test;06.png;46
train;03.png;46
train;04.png;46
train;01.png;46
train;07.png;46
train;08.png;46
train;09.png;46
train;10.png;46
test;09.png;47
test;10.png;47
test;02.png;47
train;01.png;47
train;05.png;47
train;06.png;47
train;07.png;47
train;08.png;47
train;03.png;47
train;04.png;47
test;09.png;48
test;10.png;48
test;03.png;48
train;01.png;48
train;04.png;48
train;05.png;48
train;06.png;48
train;07.png;48
train;08.png;48
train;02.png;48
test;10.png;49
train;01.png;49
train;02.png;49
train;03.png;49
train;04.png;49
train;05.png;49
train;06.png;49
train;07.png;49
train;08.png;49
train;09.png;49
test;03.png;50
test;04.png;50
train;05.png;50
train;06.png;50
train;07.png;50
train;08.png;50
train;09.png;50
train;01.png;50
train;10.png;50
train;02.png;50
test;04.png;51
test;05.png;51
test;06.png;51
train;03.png;51
train;07.png;51
train;08.png;51
train;01.png;51
train;09.png;51
train;10.png;51
train;02.png;51
test;06.png;52
test;07.png;52
test;08.png;52
train;01.png;52
train;04.png;52
train;05.png;52
train;09.png;52
train;10.png;52
train;02.png;52
train;03.png;52
test;06.png;53
test;07.png;53
test;08.png;53
train;01.png;53
train;02.png;53
train;03.png;53
train;04.png;53
train;05.png;53
train;09.png;53
train;10.png;53
test;02.png;54
test;03.png;54
test;04.png;54
train;05.png;54
train;06.png;54
train;01.png;54
train;07.png;54
train;08.png;54
train;09.png;54
train;10.png;54
test;10.png;55
train;01.png;55
train;03.png;55
train;04.png;55
train;05.png;55
train;06.png;55
train;07.png;55
train;08.png;55
train;02.png;55
train;09.png;55
test;02.png;56
test;03.png;56
train;04.png;56
train;01.png;56
train;05.png;56
train;06.png;56
train;07.png;56
train;08.png;56
train;09.png;56
train;10.png;56
test;03.png;57
test;04.png;57
test;05.png;57
train;02.png;57
train;06.png;57
train;07.png;57
train;08.png;57
train;09.png;57
train;01.png;57
train;10.png;57
test;06.png;58
test;07.png;58
test;08.png;58
train;01.png;58
train;04.png;58
train;05.png;58
train;09.png;58
train;10.png;58
train;02.png;58
train;03.png;58
test;07.png;59
test;08.png;59
test;09.png;59
train;01.png;59
train;03.png;59
train;04.png;59
train;05.png;59
train;06.png;59
train;10.png;59
train;02.png;59
test;09.png;60
test;04.png;60
test;10.png;60
train;01.png;60
train;05.png;60
train;02.png;60
train;06.png;60
train;03.png;60
train;07.png;60
train;08.png;60
test;04.png;61
train;05.png;61
train;06.png;61
train;07.png;61
train;01.png;61
train;02.png;61
train;08.png;61
train;09.png;61
train;10.png;61
train;03.png;61
test;01.png;62
test;04.png;62
train;05.png;62
train;02.png;62
train;06.png;62
train;07.png;62
train;08.png;62
train;09.png;62
train;10.png;62
train;03.png;62
test;04.png;63
test;05.png;63
test;06.png;63
train;03.png;63
train;07.png;63
train;08.png;63
train;09.png;63
train;10.png;63
train;01.png;63
train;02.png;63
test;06.png;64
test;07.png;64
test;08.png;64
train;03.png;64
train;04.png;64
train;05.png;64
train;09.png;64
train;01.png;64
train;10.png;64
train;02.png;64
test;08.png;65
test;09.png;65
test;10.png;65
train;01.png;65
train;05.png;65
train;06.png;65
train;02.png;65
train;07.png;65
train;03.png;65
train;04.png;65
test;09.png;66
test;10.png;66
test;02.png;66
train;01.png;66
train;03.png;66
train;04.png;66
train;05.png;66
train;06.png;66
train;07.png;66
train;08.png;66
train;01.png;67
train;05.png;67
train;06.png;67
train;07.png;67
train;08.png;67
train;02.png;67
train;09.png;67
train;10.png;67
train;03.png;67
train;04.png;67
test;01.png;68
test;02.png;68
train;03.png;68
train;04.png;68
train;05.png;68
train;06.png;68
train;07.png;68
train;08.png;68
train;09.png;68
train;10.png;68
test;04.png;69
test;05.png;69
test;06.png;69
train;03.png;69
train;07.png;69
train;08.png;69
train;09.png;69
train;01.png;69
train;10.png;69
train;02.png;69
test;03.png;70
test;06.png;70
test;07.png;70
train;01.png;70
train;02.png;70
train;05.png;70
train;08.png;70
train;09.png;70
train;10.png;70
train;04.png;70
test;02.png;71
test;08.png;71
test;09.png;71
train;04.png;71
train;01.png;71
train;05.png;71
train;06.png;71
train;07.png;71
train;10.png;71
train;03.png;71
test;09.png;72
test;10.png;72
test;03.png;72
train;01.png;72
train;02.png;72
train;04.png;72
train;05.png;72
train;06.png;72
train;07.png;72
train;08.png;72
test;03.png;73
train;04.png;73
train;05.png;73
train;06.png;73
train;07.png;73
train;08.png;73
train;01.png;73
train;09.png;73
train;10.png;73
train;02.png;73
test;01.png;74
test;02.png;74
train;03.png;74
train;04.png;74
train;05.png;74
train;06.png;74
train;07.png;74
train;08.png;74
train;09.png;74
train;10.png;74
test;02.png;75
test;03.png;75
test;04.png;75
train;01.png;75
train;05.png;75
train;06.png;75
train;07.png;75
train;08.png;75
train;09.png;75
train;10.png;75
test;06.png;76
test;07.png;76
test;08.png;76
train;03.png;76
train;04.png;76
train;05.png;76
train;09.png;76
train;01.png;76
train;10.png;76
train;02.png;76
test;07.png;77
test;08.png;77
test;09.png;77
train;02.png;77
train;03.png;77
train;04.png;77
train;05.png;77
train;06.png;77
train;10.png;77
train;01.png;77
test;05.png;78
test;01.png;78
test;02.png;78
train;06.png;78
train;03.png;78
train;07.png;78
train;08.png;78
train;04.png;78
train;09.png;78
train;10.png;78
test;10.png;79
train;02.png;79
train;03.png;79
train;04.png;79
train;01.png;79
train;05.png;79
train;06.png;79
train;07.png;79
train;08.png;79
train;09.png;79
test;01.png;80
test;02.png;80
train;03.png;80
train;04.png;80
train;05.png;80
train;06.png;80
train;07.png;80
train;08.png;80
train;09.png;80
train;10.png;80
test;05.png;81
test;06.png;81
test;02.png;81
train;01.png;81
train;03.png;81
train;07.png;81
train;08.png;81
train;09.png;81
train;10.png;81
train;04.png;81
test;06.png;82
test;01.png;82
test;02.png;82
train;03.png;82
train;04.png;82
train;05.png;82
train;07.png;82
train;08.png;82
train;09.png;82
train;10.png;82
test;02.png;83
test;08.png;83
test;09.png;83
train;01.png;83
train;04.png;83
train;05.png;83
train;06.png;83
train;07.png;83
train;10.png;83
train;03.png;83
test;10.png;84
test;02.png;84
test;03.png;84
train;04.png;84
train;05.png;84
train;06.png;84
train;07.png;84
train;01.png;84
train;08.png;84
train;09.png;84
test;02.png;85
train;01.png;85
train;03.png;85
train;04.png;85
train;05.png;85
train;06.png;85
train;07.png;85
train;08.png;85
train;09.png;85
train;10.png;85
test;01.png;86
test;06.png;86
train;07.png;86
train;08.png;86
train;09.png;86
train;10.png;86
train;02.png;86
train;03.png;86
train;04.png;86
train;05.png;86
test;04.png;87
test;05.png;87
test;06.png;87
train;01.png;87
train;02.png;87
train;07.png;87
train;08.png;87
train;09.png;87
train;10.png;87
train;03.png;87
test;08.png;88
test;09.png;88
test;10.png;88
train;05.png;88
train;06.png;88
train;07.png;88
train;01.png;88
train;02.png;88
train;03.png;88
train;04.png;88
test;07.png;89
test;08.png;89
test;09.png;89
train;02.png;89
train;03.png;89
train;04.png;89
train;05.png;89
train;06.png;89
train;10.png;89
train;01.png;89
test;08.png;90
test;09.png;90
test;10.png;90
train;01.png;90
train;04.png;90
train;05.png;90
train;02.png;90
train;06.png;90
train;07.png;90
train;03.png;90
test;03.png;91
train;04.png;91
train;05.png;91
train;06.png;91
train;01.png;91
train;07.png;91
train;08.png;91
train;09.png;91
train;10.png;91
train;02.png;91
test;01.png;92
test;03.png;92
train;04.png;92
train;05.png;92
train;02.png;92
train;06.png;92
train;07.png;92
train;08.png;92
train;09.png;92
train;10.png;92
test;02.png;93
test;05.png;93
test;03.png;93
test;08.png;93
train;01.png;93
train;06.png;93
train;07.png;93
train;09.png;93
train;10.png;93
train;04.png;93
test;04.png;94
test;05.png;94
test;06.png;94
train;01.png;94
train;02.png;94
train;03.png;94
train;07.png;94
train;08.png;94
train;09.png;94
train;10.png;94
test;07.png;95
test;08.png;95
test;09.png;95
train;02.png;95
train;03.png;95
train;04.png;95
train;05.png;95
train;06.png;95
train;10.png;95
train;01.png;95
test;02.png;96
test;03.png;96
test;04.png;96
test;10.png;96
train;05.png;96
train;06.png;96
train;07.png;96
train;08.png;96
train;01.png;96
train;09.png;96
test;02.png;97
train;03.png;97
train;04.png;97
train;05.png;97
train;06.png;97
train;07.png;97
train;08.png;97
train;09.png;97
train;01.png;97
train;10.png;97
test;01.png;98
test;03.png;98
train;04.png;98
train;05.png;98
train;06.png;98
train;02.png;98
train;07.png;98
train;08.png;98
train;09.png;98
train;10.png;98
test;04.png;99
test;01.png;99
test;05.png;99
train;03.png;99
train;06.png;99
train;07.png;99
train;08.png;99
train;09.png;99
train;10.png;99
train;02.png;99
test;04.png;100
test;05.png;100
test;06.png;100
train;10.png;100
train;01.png;100
train;02.png;100
train;03.png;100
train;07.png;100
train;08.png;100
train;09.png;100